<?xml version='1.0' encoding='utf-8'?>

<!DOCTYPE doctype SYSTEM  "Funcionarios.dtd">

<funcionarios>
  <funcionario>
    <matricula>1</matricula>
    <nome>José da Silva</nome>
    <endereco>
      <rua>Celso Oliva</rua>
      <numero>517</numero>
      <bairro>Praia 13 de Julho</bairro>
      <cidade>Aracaju</cidade>
      <estado>SE</estado>
      <cep>49030-010</cep>
    </endereco>
    <salario>1.500,00</salario>
  </funcionario>
  <funcionario>
    <matricula>2</matricula>
    <nome>Maria Antonieta</nome>
    <endereco>
      <rua>Otávio Gusmão</rua>
      <numero>17</numero>
      <bairro>Luzia</bairro>
      <cidade>Aracaju</cidade>
      <estado>SE</estado>
      <cep>49030-010</cep>
    </endereco>
    <salario>700,00</salario>
  </funcionario>
  <funcionario>
    <matricula>3</matricula>
    <nome>Napoleao Bonaparte</nome>
    <endereco>
      <rua>Adélia Franco, 2850</rua>
      <numero>465</numero>
      <bairro>Luzia</bairro>
      <cidade>Aracaju</cidade>
      <estado>SE</estado>
      <cep>49048-010</cep>
    </endereco>
    <salario>3.700,00</salario>
  </funcionario>
</funcionarios>