<?xml version='1.0' encoding='utf-8'?>

<!--  XML representando produtos  -->

<produtos data="10/04/2002" empresa="EasyNet Coorporation">
  <!-- Relação de Produtos -->
  <produto>
    <codigo>1</codigo>
    <descricao>Sabonete</descricao>
    <preco>1.00 </preco>
  </produto>

  <produto>
    <codigo>2</codigo>
    <descricao>Escova de dente </descricao>
    <preco>6.50</preco>
  </produto>

  <produto>
    <codigo>3</codigo>
    <descricao>Shampoo</descricao>
    <preco>12.50</preco>
  </produto>

  <produto>
    <codigo>4</codigo>
    <descricao>Fio dental</descricao>
    <preco>3.40</preco>
  </produto>
</produtos>
